# 15 builds -> X post URLs (decoded from YouTube redirect links, video iTbrDvnbABM)
15	Age of Empires remade	@ForwardEditor	https://x.com/ForwardEditor/status/2104665557144322555
14	Plasma globe on the desktop	@chaseleantj	https://x.com/chaseleantj/status/2104669620871536998
13	Playable StarCraft level	@petergyang	https://x.com/petergyang/status/2104736498151256303
12	15-second showreel	@robj3d3	https://x.com/robj3d3/status/2104649947610239253
11	Critter Kart	@matthewmillerai	https://x.com/matthewmillerai/status/2104668017258872907
10	Overcooked clone	@_MaxBlade	https://x.com/_MaxBlade/status/2104704696967368758
9	60x46 emoji printed	@LEJ_limited	https://x.com/claudeai/status/2104674989442052393
8	Full zombie shooter	@bridgemindai	https://x.com/bridgemindai/status/2104662073561264283
7	Napoleon in Google Sheets	@hug0_plat	https://x.com/hug0_plat/status/2104656573893144743
6	History of the dinosaurs	@kevin_t_ngo	https://x.com/kevin_t_ngo/status/2104638743634391408
5	Wolverine, claws out	@The_Alex	https://x.com/The_Alex/status/2104633977831301231
4	Pelican on a bike	@filicroval	https://x.com/filicroval/status/2104681499798938034
3	Stormy sea, then a dive	@MatthewBerman	https://x.com/MatthewBerman/status/2104634635234005025
2	Battle royale, one shot	@ericmaskfr	https://x.com/ericmaskfr/status/2104680817272500562
1	Fall foliage simulator	@_re_pete	https://x.com/claudeai/status/2104674987164782598
